<?xml version="1.0" encoding="UTF-8"?>
<project xmlns="http://www.netbeans.org/ns/project/1">
    <type>com.microchip.mplab.nbide.embedded.makeproject</type>
    <configuration>
        <data xmlns="http://www.netbeans.org/ns/make-project/1">
            <name>USB_JOYSTICK_HORI_withMD+Cyber</name>
            <make-project-type>0</make-project-type>
            <c-extensions>c</c-extensions>
            <cpp-extensions/>
            <header-extensions>h</header-extensions>
            <sourceEncoding>UTF-8</sourceEncoding>
            <asminc-extensions/>
            <make-dep-projects/>
            <sourceRootList>
                <sourceRootElem>../boards</sourceRootElem>
                <sourceRootElem>../app_config</sourceRootElem>
                <sourceRootElem>../../../../../../bsp</sourceRootElem>
                <sourceRootElem>../src</sourceRootElem>
                <sourceRootElem>../../../../../../framework/usb</sourceRootElem>
            </sourceRootList>
            <confList>
                <confElem>
                    <name>18F14K50_USER</name>
                    <type>2</type>
                </confElem>
            </confList>
            <formatting>
                <project-formatting-style>false</project-formatting-style>
            </formatting>
        </data>
    </configuration>
</project>
